[
    {
        "id": 1,
        "name": "Saurav Mukherjee",
        "tag": "Founder",
        "socials": {
            "github": "",
            "linkedin": ""
        }
    },
    {
        "id": 1,
        "name": "Saurav Mukherjee",
        "tag": "Founder",
        "socials": {
            "github": "",
            "linkedin": ""
        }
    },
    {
        "id": 1,
        "name": "Saurav Mukherjee",
        "tag": "Founder",
        "socials": {
            "github": "",
            "linkedin": ""
        }
    },
    {
        "id": 1,
        "name": "Saurav Mukherjee",
        "tag": "Founder",
        "socials": {
            "github": "",
            "linkedin": ""
        }
    }
]